code_insee,commune,existants,nouveaux,corriges,apres,images_url,reserves
62041,Arras,5,2,0,7,2,Classement geographique limite non certifie; sources et politique à relire
62764,Saint-Nicolas,1,1,0,2,0,Classement geographique limite non certifie; sources et politique à relire
62004,Achicourt,2,1,0,3,1,Classement geographique limite non certifie; sources et politique à relire
62753,Saint-Laurent-Blangy,2,1,0,3,0,Classement geographique limite non certifie; sources et politique à relire
62744,Sainte-Catherine,1,2,0,3,0,Classement geographique limite non certifie; sources et politique à relire
62099,Beaurains,1,3,0,4,0,Classement geographique limite non certifie; sources et politique à relire
62817,Tilloy-lès-Mofflaines,1,2,0,3,0,Classement geographique limite non certifie; sources et politique à relire
62037,Anzin-Saint-Aubin,1,1,0,2,0,Classement geographique limite non certifie; sources et politique à relire
62013,Agny,1,1,0,2,1,Classement geographique limite non certifie; sources et politique à relire
62290,Écurie,1,2,0,3,0,Classement geographique limite non certifie; sources et politique à relire
62714,Roclincourt,1,1,0,2,0,Classement geographique limite non certifie; sources et politique à relire
62263,Dainville,1,1,0,2,0,Classement geographique limite non certifie; sources et politique à relire
62042,Athies,1,1,0,2,0,Classement geographique limite non certifie; sources et politique à relire
62331,Feuchy,1,2,0,3,0,Classement geographique limite non certifie; sources et politique à relire
62611,Neuville-Vitasse,1,1,0,2,0,Classement geographique limite non certifie; sources et politique à relire
62279,Duisans,1,2,0,3,0,Classement geographique limite non certifie; sources et politique à relire
62568,Mercatel,1,1,0,2,0,Classement geographique limite non certifie; sources et politique à relire
62869,Wailly,1,1,0,2,0,Classement geographique limite non certifie; sources et politique à relire
62323,Fampoux,1,1,0,2,0,Classement geographique limite non certifie; sources et politique à relire
62810,Thélus,1,1,0,2,0,Classement geographique limite non certifie; sources et politique à relire
62873,Wancourt,1,1,0,2,0,Classement geographique limite non certifie; sources et politique à relire
62073,Bailleul-Sir-Berthoult,1,1,0,2,0,Classement geographique limite non certifie; sources et politique à relire
62557,Marœuil,1,1,0,2,0,Classement geographique limite non certifie; sources et politique à relire
62320,Étrun,1,1,0,2,0,Classement geographique limite non certifie; sources et politique à relire
62609,Neuville-Saint-Vaast,1,2,0,3,1,Classement geographique limite non certifie; sources et politique à relire
62332,Ficheux,1,1,0,2,0,Classement geographique limite non certifie; sources et politique à relire
62878,Warlus,1,1,0,2,0,Classement geographique limite non certifie; sources et politique à relire
62115,Berneville,1,2,0,3,0,Classement geographique limite non certifie; sources et politique à relire
62324,Farbus,1,1,0,2,0,Classement geographique limite non certifie; sources et politique à relire
62369,Gavrelle,1,1,0,2,0,Classement geographique limite non certifie; sources et politique à relire
62582,Monchy-le-Preux,1,1,0,2,0,Classement geographique limite non certifie; sources et politique à relire
62761,Saint-Martin-sur-Cojeul,1,1,0,2,0,Classement geographique limite non certifie; sources et politique à relire
62152,Boisleux-Saint-Marc,1,1,0,2,0,Classement geographique limite non certifie; sources et politique à relire
62151,Boisleux-au-Mont,1,1,0,2,0,Classement geographique limite non certifie; sources et politique à relire
62718,Rœux,1,1,0,2,0,Classement geographique limite non certifie; sources et politique à relire
62589,Mont-Saint-Éloi,1,1,0,2,0,Classement geographique limite non certifie; sources et politique à relire
62135,Blairville,1,1,0,2,0,Classement geographique limite non certifie; sources et politique à relire
62712,Rivière,1,1,0,2,0,Classement geographique limite non certifie; sources et politique à relire
62144,Boiry-Becquerelle,1,1,0,2,0,Classement geographique limite non certifie; sources et politique à relire
62428,Hénin-sur-Cojeul,1,1,0,2,0,Classement geographique limite non certifie; sources et politique à relire
62426,Héninel,1,1,0,2,0,Classement geographique limite non certifie; sources et politique à relire
62392,Guémappe,1,1,0,2,0,Classement geographique limite non certifie; sources et politique à relire
62892,Willerval,1,1,0,2,0,Classement geographique limite non certifie; sources et politique à relire
62378,Gouves,1,1,0,2,0,Classement geographique limite non certifie; sources et politique à relire
62011,Agnez-lès-Duisans,1,1,0,2,0,Classement geographique limite non certifie; sources et politique à relire
62097,Beaumetz-lès-Loges,1,1,0,2,0,Classement geographique limite non certifie; sources et politique à relire
62425,Hendecourt-lès-Ransart,1,1,0,2,0,Classement geographique limite non certifie; sources et politique à relire
62650,Pelves,1,1,0,2,0,Classement geographique limite non certifie; sources et politique à relire
62660,Plouvain,1,2,0,3,0,Classement geographique limite non certifie; sources et politique à relire
62861,Vimy,1,1,0,2,0,Classement geographique limite non certifie; sources et politique à relire
