code_insee,commune,titre_article,identifiant_article,url_source,controle
62041,Arras,Les Boves : une deuxième ville sous les pavés,94f5f1a472685b544926,https://www.arraspaysdartois.com/visites-patrimoine/les-boves-une-balade-sous-les-paves-darras/,reference_documentaire_article; validation_lien_et_precision_a_reconfirmer
62041,Arras,La citadelle de Vauban : un morceau du Pré carré,d668ac1730d0d3783dab,https://whc.unesco.org/document/152260,reference_documentaire_article; validation_lien_et_precision_a_reconfirmer
62764,Saint-Nicolas,"Deux paroisses, un seul registre de baptêmes",ec98d4ec4fccc0e95591,https://www.archivespasdecalais.fr/Recherche-par-commune/Lettre-S/Sainte-Catherine,reference_documentaire_article; validation_lien_et_precision_a_reconfirmer
62004,Achicourt,Le moulin La Tourelle : retrouver le geste des meuniers,6ba5ad4a77b01096d483,https://achicourt.fr/achicourt-au-quotidien/la-ville/presentation/,reference_documentaire_article; validation_lien_et_precision_a_reconfirmer
62753,Saint-Laurent-Blangy,Des milliers de soldats allemands réunis sur un même versant,5d0d89427737c4d1b64d,https://kriegsgraeberstaetten.volksbund.de/fr/cimetiere-militaire/st-laurent-blangy,reference_documentaire_article; validation_lien_et_precision_a_reconfirmer
62744,Sainte-Catherine,La Croix de Demencourt a résisté aux siècles,b2e01e23db7696d7b29d,https://pop.culture.gouv.fr/notice/merimee/PA00108391,reference_documentaire_article; validation_lien_et_precision_a_reconfirmer
62744,Sainte-Catherine,Un préventorium inauguré à la veille de la guerre,9d0c3337c073a4367f15,https://www.archivespasdecalais.fr/Recherche-par-commune/Lettre-S/Sainte-Catherine,reference_documentaire_article; validation_lien_et_precision_a_reconfirmer
62099,Beaurains,"En 1922, le coup de pioche qui a révélé un trésor impérial",8d0ee7aa0785f5ac518c,https://mairie-beaurains.fr/le-tresor-de-beaurains,reference_documentaire_article; validation_lien_et_precision_a_reconfirmer
62099,Beaurains,Le blockhaus que les autorités voulaient sauver… en vain,aa2ebdd8bad89c12e84b,https://www.archivespasdecalais.fr/Decouvrir/Decouvrir-en-images/Images-de-la-Grande-Guerre/Esthetique-du-chaos/Conserver-les-ruines,reference_documentaire_article; validation_lien_et_precision_a_reconfirmer
62099,Beaurains,Jules Catoire : de Beaurains à la Résistance et au gouvernement,a092798c5f41091f4153,https://www.archivespasdecalais.fr/Decouvrir/Anniversaires/Anniversaires/Naissance-de-Jules-Catoire-a-Beaurains,reference_documentaire_article; validation_lien_et_precision_a_reconfirmer
62817,Tilloy-lès-Mofflaines,"Le clocher de Tilloy, observatoire pris pour cible",a796def1b7b99ca6f6eb,https://tilloylesmofflaines.fr/presentation/eglise-saint-brice,reference_documentaire_article; validation_lien_et_precision_a_reconfirmer
62817,Tilloy-lès-Mofflaines,"Une ferme vendue comme bien national, un village rasé",ce7335bd859d7bb2cf4d,https://tilloylesmofflaines.fr/presentation/son-histoire,reference_documentaire_article; validation_lien_et_precision_a_reconfirmer
62037,Anzin-Saint-Aubin,Vingt-deux squelettes jeunes et des balles de couleuvrine,a7fddc5e305123a13fd4,https://www.archivespasdecalais.fr/patrimoines/Decouvrir/Patrimoine-archeologique/Anzin-Saint-Aubin-un-cimetiere-de-l-epoque-moderne-fouille-2021,reference_documentaire_article; validation_lien_et_precision_a_reconfirmer
62013,Agny,Agny : un cimetière ouvert avant l’offensive d’Arras,964e70d62be89c8b42ef,https://www.ww1cemeteries.com/agny-military-cemetery.html,reference_documentaire_article; validation_lien_et_precision_a_reconfirmer
62290,Écurie,"Un soldat décrit la boue d’Écurie, le 21 janvier 1915",3d01d53cda9ea058c2ca,https://www.archivespasdecalais.fr/Recherche-par-commune/Lettre-E/Ecurie/Mortelles-tranchees,reference_documentaire_article; validation_lien_et_precision_a_reconfirmer
62290,Écurie,Le Labyrinthe : un réseau de tranchées de deux kilomètres,9a07a6307d9d32ec167f,https://www.archivespasdecalais.fr/Recherche-par-commune/Lettre-E/Ecurie/La-fin-de-la-deuxieme-bataille-d-Artois,reference_documentaire_article; validation_lien_et_precision_a_reconfirmer
62714,Roclincourt,"À Roclincourt, des Canadiens reposent au bord de l’ancienne route de Lens",3458c6d1bd824813be33,https://www.veterans.gc.ca/fr/commemoration/monuments-commemoratifs/overseas/cimetiere-de-la-route-darras,reference_documentaire_article; validation_lien_et_precision_a_reconfirmer
62263,Dainville,"À Dainville, un cimetière né de l’offensive de 1918",06404bf19e5354156ee2,https://www.ww1cemeteries.com/dainville-british-cemetery.html,reference_documentaire_article; validation_lien_et_precision_a_reconfirmer
62042,Athies,Point-du-Jour : un cimetière au nom d’une ferme,5ef663fae4b0a66e5804,https://www.ww1cemeteries.com/point-du-jour-military-cemetery.html,reference_documentaire_article; validation_lien_et_precision_a_reconfirmer
62331,Feuchy,Feuchy : le cimetière déplacé pour laisser passer un train,7f4a11a0b37566311c86,https://cpgw.org.uk/cwgc-cemeteries/feuchy-british-cemetery/,reference_documentaire_article; validation_lien_et_precision_a_reconfirmer
62331,Feuchy,Orange Hill : une poignée de tombes canadiennes dans les champs,3bd01037b83c9b42904f,https://www.feuchy.fr/page/cimetieres/,reference_documentaire_article; validation_lien_et_precision_a_reconfirmer
62611,Neuville-Vitasse,Deux cimetières pour un village repris en 1917,697e3b4f9bc5aea496ec,https://www.ww1cemeteries.com/london-cemetery.html,reference_documentaire_article; validation_lien_et_precision_a_reconfirmer
62279,Duisans,Le clocher brûlé par la foudre en 1923,bc280f4d7243ababc5b8,https://www.duisans.fr/eglise-saint-leger/,reference_documentaire_article; validation_lien_et_precision_a_reconfirmer
62279,Duisans,La chapelle devenue salle de classe pendant la guerre,7c80945e799b8c9e3a6d,https://www.duisans.fr/chapelle-notre-dame-des-champs/,reference_documentaire_article; validation_lien_et_precision_a_reconfirmer
62568,Mercatel,Une « ferme fortifiée » dans le nom du village,08872b5586d0a3788200,https://www.mercatel.fr/,reference_documentaire_article; validation_lien_et_precision_a_reconfirmer
62869,Wailly,Des travailleurs chinois reviennent à Wailly après l’Armistice,c2dc09a4ed082b63fceb,https://www.archivespasdecalais.fr/layout/set/print/Decouvrir/Chroniques-de-la-Grande-Guerre/Histoires-de-la-Grande-Guerre/Les-travailleurs-chinois-du-Pas-de-Calais,reference_documentaire_article; validation_lien_et_precision_a_reconfirmer
62323,Fampoux,Sunken Road : la route creuse transformée en cimetière,3ed3e69fcb7a02aade64,https://cpgw.org.uk/cwgc-cemeteries/sunken-road-cemetery-fampoux/,reference_documentaire_article; validation_lien_et_precision_a_reconfirmer
62810,Thélus,Lichfield : la tombe collective dans un cratère de mine,2c365e563484b98cf00b,https://veterans.gc.ca/en/remembrance/memorials/overseas/lichfield-crater-cemetery,reference_documentaire_article; validation_lien_et_precision_a_reconfirmer
62873,Wancourt,Wancourt : le cimetière qui a changé de nom et de taille,4f109da45cfd0b272310,https://www.nzwargraves.org.nz/cemeteries/wancourt-british-cemetery,reference_documentaire_article; validation_lien_et_precision_a_reconfirmer
62073,Bailleul-Sir-Berthoult,Le village qui a reçu la Croix de guerre en 1920,daeec789b83b090d48e9,https://www.bailleulsireberthoult.fr/mon-village/presentation/histoire,reference_documentaire_article; validation_lien_et_precision_a_reconfirmer
62557,Marœuil,"Au Mont de Sucre, trois fils de généraux parmi les tombes",b2fac674797e7d1f5740,https://www.cheminsdememoire.gouv.fr/fr/la-necropole-nationale-de-maroeuil,reference_documentaire_article; validation_lien_et_precision_a_reconfirmer
62320,Étrun,Le camp de César n’était pas forcément un oppidum gaulois,d0a95167186759371fef,https://www.archeologie.pasdecalais.fr/les-romains-dans-le-pas-de-calais,reference_documentaire_article; validation_lien_et_precision_a_reconfirmer
62609,Neuville-Saint-Vaast,La Targette : un cimetière où se croisent deux guerres,cecd982205d3764e36ba,https://www.cheminsdememoire.gouv.fr/de/node/3394,reference_documentaire_article; validation_lien_et_precision_a_reconfirmer
62609,Neuville-Saint-Vaast,La Targette britannique : des tombes liées aux artilleurs de Vimy,7b80f33f98f41c979ce2,https://veterans.gc.ca/en/remembrance/memorials/overseas/la-targette-british-cemetery,reference_documentaire_article; validation_lien_et_precision_a_reconfirmer
62332,Ficheux,Ficheux : des registres d’avant 1737 perdus dans la guerre,ff416126cbacfccea9ca,https://www.archivespasdecalais.fr/Recherche-par-commune/Lettre-F/Ficheux,reference_documentaire_article; validation_lien_et_precision_a_reconfirmer
62878,Warlus,Un salon circulaire caché dans l’ancien château,edec501a05b58d8871a9,https://pop.culture.gouv.fr/notice/merimee/PA62000106,reference_documentaire_article; validation_lien_et_precision_a_reconfirmer
62115,Berneville,Berneville fut un chef-lieu de canton révolutionnaire,82b2df55b871c240be0b,https://berneville.fr/votre-commune/patrimoine/,reference_documentaire_article; validation_lien_et_precision_a_reconfirmer
62115,Berneville,Le bâtiment à deux étages qui abritait les pompes à incendie,1be5e017dcbb0a6a7a4d,https://berneville.fr/votre-commune/patrimoine/,reference_documentaire_article; validation_lien_et_precision_a_reconfirmer
62324,Farbus,La feuille d’érable figure sur le blason de Farbus,1f62af5ddfdc4115013a,https://www.archivespasdecalais.fr/Recherche-par-commune/Lettre-F/Farbus,reference_documentaire_article; validation_lien_et_precision_a_reconfirmer
62369,Gavrelle,L’ancre marine au milieu des terres de Gavrelle,5396901ea16d36701855,https://www.royalnavy.mod.uk/news/2019/july/03/190703-ww1-memorial-demolished,reference_documentaire_article; validation_lien_et_precision_a_reconfirmer
62582,Monchy-le-Preux,Le caribou qui regarde encore la colline de l’Infanterie,15917fce36667e2ffaea,https://veterans.gc.ca/fr/commemoration/monuments-commemoratifs/overseas/memorial-terre-neuvien-monchy-le-preux,reference_documentaire_article; validation_lien_et_precision_a_reconfirmer
62761,Saint-Martin-sur-Cojeul,Un calvaire disparu a donné son nom à un cimetière,9b1efaddd33b1b78f037,https://cpgw.org.uk/cwgc-cemeteries/st-martin-calvaire-british-cemetery-st-martin-sur-cojeul/,reference_documentaire_article; validation_lien_et_precision_a_reconfirmer
62152,Boisleux-Saint-Marc,Des Canadiens enterrés au bout du chemin creux,aeae394258203c76929e,https://www.veterans.gc.ca/fr/commemoration/monuments-commemoratifs/le-memorial-virtuel-de-guerre-du-canada/580291,reference_documentaire_article; validation_lien_et_precision_a_reconfirmer
62151,Boisleux-au-Mont,Une gare de village endeuillée par le déraillement d’un express,159c679a610eadc19b1a,https://www.lemonde.fr/archives/article/1957/06/20/le-deraillement-de-l-express-tourcoing-paris-a-fait-huit-morts-et-vingt-blesses-dont-trois-grievement-atteints_2318210_1819218.html,reference_documentaire_article; validation_lien_et_precision_a_reconfirmer
62718,Rœux,Les usines chimiques de Rœux ont retardé l’avance britannique,5eb06218fb0132dd080f,https://www.nzwargraves.org.nz/cemeteries/browns-copse-cemetery-roeux,reference_documentaire_article; validation_lien_et_precision_a_reconfirmer
62589,Mont-Saint-Éloi,Deux tours pour raconter une abbaye disparue,64b059414c5bf7e78723,https://www.arraspaysdartois.com/,reference_documentaire_article; validation_lien_et_precision_a_reconfirmer
62135,Blairville,Des équipes chinoises réparent les terres de Blairville,73ebb4934724cddc2e78,https://www.archivespasdecalais.fr/layout/set/print/Decouvrir/Chroniques-de-la-Grande-Guerre/Histoires-de-la-Grande-Guerre/Les-travailleurs-chinois-du-Pas-de-Calais,reference_documentaire_article; validation_lien_et_precision_a_reconfirmer
62712,Rivière,Bellacourt : un hameau de Rivière au cœur des souvenirs canadiens,22048f4111bcfc16dcc9,https://www.veterans.gc.ca/fr/commemoration/monuments-commemoratifs/le-memorial-virtuel-de-guerre-du-canada/503873,reference_documentaire_article; validation_lien_et_precision_a_reconfirmer
62144,Boiry-Becquerelle,Boiry-Becquerelle : rasé volontairement avant le repli,72fcbfb7e338929c8a25,https://boiry-becquerelle.fr/,reference_documentaire_article; validation_lien_et_precision_a_reconfirmer
62428,Hénin-sur-Cojeul,"À Hénin-sur-Cojeul, les cimetières prolongent l’assaut d’avril 1917",26c5ba0a486d0580ff68,https://www.heninsurcojeul.fr/article_161_1_discours-11-novembre-2019_fr.html,reference_documentaire_article; validation_lien_et_precision_a_reconfirmer
62426,Héninel,Héninel fut repris pendant une tempête de neige,24b5ee019d7e441b2479,https://www.ww1cemeteries.com/bootham-cemetery.html,reference_documentaire_article; validation_lien_et_precision_a_reconfirmer
62392,Guémappe,"Guémappe repris en 1918, en même temps que la tour de Wancourt",7a44b71a86db3499dc18,https://www.archivespasdecalais.fr/Recherche-par-commune/Lettre-G/Guemappe/L-offensive-des-Cent-Jours-et-la-deuxieme-bataille-d-Arras,reference_documentaire_article; validation_lien_et_precision_a_reconfirmer
62892,Willerval,« La Ruche » : un poste de mitrailleuse devenu cimetière,563a1b84a7bcccc53ddf,https://www.veterans.gc.ca/fr/commemoration/monuments-commemoratifs/le-memorial-virtuel-de-guerre-du-canada/579438,reference_documentaire_article; validation_lien_et_precision_a_reconfirmer
62378,Gouves,Gouves dépendait du canton de Berneville à la Révolution,7effa3d47c54c168f165,https://www.archivespasdecalais.fr/Recherche-par-commune/Lettre-G/Gouves,reference_documentaire_article; validation_lien_et_precision_a_reconfirmer
62011,Agnez-lès-Duisans,Un petit morceau de Cambrésis perdu dans l’Artois,352c13604f177455881f,https://www.archivespasdecalais.fr/Recherche-par-commune/Lettre-A/Agnez-les-Duisans,reference_documentaire_article; validation_lien_et_precision_a_reconfirmer
62097,Beaumetz-lès-Loges,"Le château de Beaumetz détruit non par les obus, mais par le feu",aa13cf0a152d41ff3143,https://fr.wikipedia.org/wiki/Beaumetz-l%C3%A8s-Loges,reference_documentaire_article; validation_lien_et_precision_a_reconfirmer
62425,Hendecourt-lès-Ransart,Les registres d’Hendecourt disparus avec la guerre,c567ee311b3325beffc3,https://www.archivespasdecalais.fr/Recherche-par-commune/Lettre-H/Hendecourt-les-Ransart,reference_documentaire_article; validation_lien_et_precision_a_reconfirmer
62650,Pelves,Pelves repris le 28 août 1918,5b88dd8be0eb2fa2efae,https://www.archivespasdecalais.fr/Recherche-par-commune/Lettre-P/Pelves/Seconde-bataille-de-Bapaume,reference_documentaire_article; validation_lien_et_precision_a_reconfirmer
62660,Plouvain,La chapelle Sainte-Philomène rebâtie deux fois,610023b9788d6f85d225,https://plouvain.fr/notre-patrimoine,reference_documentaire_article; validation_lien_et_precision_a_reconfirmer
62660,Plouvain,Jacques Dapremez commémoré là où il fut exécuté,05c810d061e7ddec06d9,https://plouvain.fr/notre-histoire,reference_documentaire_article; validation_lien_et_precision_a_reconfirmer
62861,Vimy,"Vimy, un nom canadien qui dépasse les limites de la commune",9401c0a58a677e771f10,https://www.canada.ca/fr/ministere-defense-nationale/services/histoire-militaire/histoire-patrimoine/honneurs-bataille-distinctions-honorifiques/scarpe-1917.html,reference_documentaire_article; validation_lien_et_precision_a_reconfirmer
