story_id,title,url,evidence_level,note
fecamp-76259-001,Un écrivain du Moyen Âge longtemps éclipsé : Jean de Fécamp,https://www.fecamp-terre-neuve.fr/annales-n2-1995/,sommaire_ou_article,L’intitulé de l’étude est vérifié ; son texte intégral et chaque assertion de la notice n’ont pas été audités de façon indépendante.
fecamp-76259-002,"Le palais ducal, une résidence médiévale à retrouver",https://www.fecamp-terre-neuve.fr/annales-n2-1995/,sommaire_ou_article,L’intitulé de l’étude est vérifié ; son texte intégral et chaque assertion de la notice n’ont pas été audités de façon indépendante.
fecamp-76259-003,Une plaque funéraire pour raconter la vie des abbés,https://www.fecamp-terre-neuve.fr/annales-n2-1995/,sommaire_ou_article,L’intitulé de l’étude est vérifié ; son texte intégral et chaque assertion de la notice n’ont pas été audités de façon indépendante.
fecamp-76259-004,Des reliefs du XIIe siècle racontent l’ancienne abbaye,https://www.fecamp-terre-neuve.fr/annales-n2-1995/,sommaire_ou_article,L’intitulé de l’étude est vérifié ; son texte intégral et chaque assertion de la notice n’ont pas été audités de façon indépendante.
fecamp-76259-005,La dernière maladie de Guillaume le Conquérant étudiée par un historien local,https://www.fecamp-terre-neuve.fr/annales-n2-1995/,sommaire_ou_article,L’intitulé de l’étude est vérifié ; son texte intégral et chaque assertion de la notice n’ont pas été audités de façon indépendante.
fecamp-76259-006,"La maison natale de Jean Lorrain, une adresse littéraire",https://www.fecamp-terre-neuve.fr/annales-n2-1995/,sommaire_ou_article,L’intitulé de l’étude est vérifié ; son texte intégral et chaque assertion de la notice n’ont pas été audités de façon indépendante.
fecamp-76259-007,Une petite maison de matelots comme archive sociale,https://www.fecamp-terre-neuve.fr/annales-n2-1995/,sommaire_ou_article,L’intitulé de l’étude est vérifié ; son texte intégral et chaque assertion de la notice n’ont pas été audités de façon indépendante.
fecamp-76259-008,"Avant les boutiques-souvenirs, la ville avait ses biscuiteries",https://www.fecamp-terre-neuve.fr/annales-n2-1995/,sommaire_ou_article,L’intitulé de l’étude est vérifié ; son texte intégral et chaque assertion de la notice n’ont pas été audités de façon indépendante.
fecamp-76259-009,Des maisons de métal à Fécamp,https://www.archives.fecamp-terre-neuve.fr/NumerosAnnales/Annales24.html,sommaire_ou_article,L’intitulé de l’étude est vérifié ; son texte intégral et chaque assertion de la notice n’ont pas été audités de façon indépendante.
fecamp-76259-010,Un vitrail photographique dans Saint-Étienne,https://www.archives.fecamp-terre-neuve.fr/NumerosAnnales/Annales24.html,sommaire_ou_article,L’intitulé de l’étude est vérifié ; son texte intégral et chaque assertion de la notice n’ont pas été audités de façon indépendante.
fecamp-76259-011,L’abbaye fut exemptée pendant des siècles,https://www.archives.fecamp-terre-neuve.fr/NumerosAnnales/Annales24.html,sommaire_ou_article,L’intitulé de l’étude est vérifié ; son texte intégral et chaque assertion de la notice n’ont pas été audités de façon indépendante.
fecamp-76259-012,"Les mauristes, administrateurs d’un privilège ancien",https://www.archives.fecamp-terre-neuve.fr/NumerosAnnales/Annales24.html,sommaire_ou_article,L’intitulé de l’étude est vérifié ; son texte intégral et chaque assertion de la notice n’ont pas été audités de façon indépendante.
fecamp-76259-013,Un Luna Park fécampois appelé « Sous le 6 »,https://www.archives.fecamp-terre-neuve.fr/NumerosAnnales/Annales24.html,sommaire_ou_article,L’intitulé de l’étude est vérifié ; son texte intégral et chaque assertion de la notice n’ont pas été audités de façon indépendante.
fecamp-76259-014,"François Alexandre Devaux, sculpteur oublié",https://www.archives.fecamp-terre-neuve.fr/NumerosAnnales/Annales24.html,sommaire_ou_article,L’intitulé de l’étude est vérifié ; son texte intégral et chaque assertion de la notice n’ont pas été audités de façon indépendante.
fecamp-76259-015,Des navires terre-neuviers fécampois à Port-de-Bouc,https://www.archives.fecamp-terre-neuve.fr/NumerosAnnales/Annales24.html,sommaire_ou_article,L’intitulé de l’étude est vérifié ; son texte intégral et chaque assertion de la notice n’ont pas été audités de façon indépendante.
fecamp-76259-016,Une photographie oubliée des chaloupes de Terre-Neuve,https://www.archives.fecamp-terre-neuve.fr/NumerosAnnales/Annales24.html,sommaire_ou_article,L’intitulé de l’étude est vérifié ; son texte intégral et chaque assertion de la notice n’ont pas été audités de façon indépendante.
fecamp-76259-017,Quand des scientifiques étudiaient les sols de Terre-Neuve,https://www.archives.fecamp-terre-neuve.fr/NumerosAnnales/Annales24.html,sommaire_ou_article,L’intitulé de l’étude est vérifié ; son texte intégral et chaque assertion de la notice n’ont pas été audités de façon indépendante.
fecamp-76259-018,La fermeture du musée des Terre-Neuvas en 2012,https://www.archives.fecamp-terre-neuve.fr/Musees/MuseeTN.html,sommaire_ou_article,L’intitulé de l’étude est vérifié ; son texte intégral et chaque assertion de la notice n’ont pas été audités de façon indépendante.
fecamp-76259-019,"En 1986, un musée voulu malgré la peur d’un « tombeau »",https://www.archives.fecamp-terre-neuve.fr/Musees/MuseeTN.html,sommaire_ou_article,L’intitulé de l’étude est vérifié ; son texte intégral et chaque assertion de la notice n’ont pas été audités de façon indépendante.
fecamp-76259-020,Sept étages pour regarder Fécamp autrement,https://www.archives.fecamp-terre-neuve.fr/Musees/MuseePecheries2.html,sommaire_ou_article,L’intitulé de l’étude est vérifié ; son texte intégral et chaque assertion de la notice n’ont pas été audités de façon indépendante.
fecamp-76259-021,Une ancienne sécherie reconvertie en musée,https://www.archives.fecamp-terre-neuve.fr/Musees/MuseePecheries2.html,sommaire_ou_article,L’intitulé de l’étude est vérifié ; son texte intégral et chaque assertion de la notice n’ont pas été audités de façon indépendante.
fecamp-76259-022,Le dernier grand chalutier morutier désarmé en 1987,https://www.archives.fecamp-terre-neuve.fr/Musees/MuseeTN.html,sommaire_ou_article,L’intitulé de l’étude est vérifié ; son texte intégral et chaque assertion de la notice n’ont pas été audités de façon indépendante.
fecamp-76259-023,La pêche au hareng précède de loin les Terre-Neuvas,https://www.archives.fecamp-terre-neuve.fr/Musees/MuseeTN.html,sommaire_ou_article,L’intitulé de l’étude est vérifié ; son texte intégral et chaque assertion de la notice n’ont pas été audités de façon indépendante.
fecamp-76259-024,"Édouard Renaud, ingénieur fécampois des voies de 60",https://www.fecamp-terre-neuve.fr/annales-n21-2014/,sommaire_ou_article,L’intitulé de l’étude est vérifié ; son texte intégral et chaque assertion de la notice n’ont pas été audités de façon indépendante.
fecamp-76259-025,"La mémoire des morts de 1914-1918, un puzzle dispersé",https://www.fecamp-terre-neuve.fr/annales-n21-2014/,sommaire_ou_article,L’intitulé de l’étude est vérifié ; son texte intégral et chaque assertion de la notice n’ont pas été audités de façon indépendante.
fecamp-76259-026,Une ville décorée de la Croix de guerre en 1948,https://www.fecamp-terre-neuve.fr/annales-n14-2007/,sommaire_ou_article,L’intitulé de l’étude est vérifié ; son texte intégral et chaque assertion de la notice n’ont pas été audités de façon indépendante.
fecamp-76259-027,Un hôpital militaire allemand à Fécamp,https://www.fecamp-terre-neuve.fr/annales-n14-2007/,sommaire_ou_article,L’intitulé de l’étude est vérifié ; son texte intégral et chaque assertion de la notice n’ont pas été audités de façon indépendante.
fecamp-76259-028,Pourquoi les navires de pêche ont compté pendant l’Occupation,https://www.fecamp-terre-neuve.fr/annales-n14-2007/,sommaire_ou_article,L’intitulé de l’étude est vérifié ; son texte intégral et chaque assertion de la notice n’ont pas été audités de façon indépendante.
fecamp-76259-029,Les escales rêvées des marins à Saint-Pierre-et-Miquelon,https://www.fecamp-terre-neuve.fr/annales-n7-2000/,sommaire_ou_article,L’intitulé de l’étude est vérifié ; son texte intégral et chaque assertion de la notice n’ont pas été audités de façon indépendante.
fecamp-76259-030,L’incendie du Spitzberg dans le Barachois,https://www.fecamp-terre-neuve.fr/annales-n7-2000/,sommaire_ou_article,L’intitulé de l’étude est vérifié ; son texte intégral et chaque assertion de la notice n’ont pas été audités de façon indépendante.
fecamp-76259-031,Le capitaine Sénateur Monnier et l’étrange destin de La Marie,https://www.fecamp-terre-neuve.fr/category/annales/,sommaire_ou_article,L’intitulé de l’étude est vérifié ; son texte intégral et chaque assertion de la notice n’ont pas été audités de façon indépendante.
fecamp-76259-032,Des traces d’occupation néolithique à Fécamp,https://www.fecamp-terre-neuve.fr/category/annales/,sommaire_ou_article,L’intitulé de l’étude est vérifié ; son texte intégral et chaque assertion de la notice n’ont pas été audités de façon indépendante.
fecamp-76259-033,"La chapelle Sainte-Anne, patrimoine en péril",https://www.fecamp-terre-neuve.fr/category/annales/,sommaire_ou_article,L’intitulé de l’étude est vérifié ; son texte intégral et chaque assertion de la notice n’ont pas été audités de façon indépendante.
fecamp-76259-034,"« La Petite Friande », une œuvre de Roger Capron en ville",https://www.fecamp-terre-neuve.fr/category/annales/,sommaire_ou_article,L’intitulé de l’étude est vérifié ; son texte intégral et chaque assertion de la notice n’ont pas été audités de façon indépendante.
fecamp-76259-035,Docteur Hacks : un médecin et la franc-maçonnerie fécampoise,https://www.fecamp-terre-neuve.fr/category/annales/,sommaire_ou_article,L’intitulé de l’étude est vérifié ; son texte intégral et chaque assertion de la notice n’ont pas été audités de façon indépendante.
fecamp-76259-036,"Maurice Dubuc : rugby, jazz et peinture",https://www.fecamp-terre-neuve.fr/category/annales/,sommaire_ou_article,L’intitulé de l’étude est vérifié ; son texte intégral et chaque assertion de la notice n’ont pas été audités de façon indépendante.
fecamp-76259-037,Le Grand Quai à hauteur d’homme,https://www.fecamp-terre-neuve.fr/category/annales/,sommaire_ou_article,L’intitulé de l’étude est vérifié ; son texte intégral et chaque assertion de la notice n’ont pas été audités de façon indépendante.
fecamp-76259-038,Les fortunes de mer de marins fécampois au XVIIIe siècle,https://www.fecamp-terre-neuve.fr/category/annales/,sommaire_ou_article,L’intitulé de l’étude est vérifié ; son texte intégral et chaque assertion de la notice n’ont pas été audités de façon indépendante.
fecamp-76259-039,Le premier Musée des Terre-Neuvas a attiré un million de visiteurs,https://www.archives.fecamp-terre-neuve.fr/Musees/MuseeTN.html,sommaire_ou_article,L’intitulé de l’étude est vérifié ; son texte intégral et chaque assertion de la notice n’ont pas été audités de façon indépendante.
fecamp-76259-040,Les phares de Fécamp : trois lumières pour entrer au port,https://www.fecamp-terre-neuve.fr/index-matieres/,index_bibliographique,L’intitulé de l’étude est vérifié ; son texte intégral et chaque assertion de la notice n’ont pas été audités de façon indépendante.
fecamp-76259-041,La chapelle de Grainval et les vitraux Duhamel-Joly,https://www.fecamp-terre-neuve.fr/index-matieres/,index_bibliographique,L’intitulé de l’étude est vérifié ; son texte intégral et chaque assertion de la notice n’ont pas été audités de façon indépendante.
fecamp-76259-042,Saint-Étienne : saint Paul peint par Ferdinand Bassot,https://www.fecamp-terre-neuve.fr/index-matieres/,index_bibliographique,L’intitulé de l’étude est vérifié ; son texte intégral et chaque assertion de la notice n’ont pas été audités de façon indépendante.
fecamp-76259-043,Henri-Georges Charrier et les décors de Saint-Étienne,https://www.fecamp-terre-neuve.fr/index-matieres/,index_bibliographique,L’intitulé de l’étude est vérifié ; son texte intégral et chaque assertion de la notice n’ont pas été audités de façon indépendante.
fecamp-76259-044,Une façade abbatiale repensée au XVIIIe siècle,https://www.fecamp-terre-neuve.fr/index-matieres/,index_bibliographique,L’intitulé de l’étude est vérifié ; son texte intégral et chaque assertion de la notice n’ont pas été audités de façon indépendante.
fecamp-76259-045,Jean-Pierre Defrance et les « embellissements » de la Trinité,https://www.fecamp-terre-neuve.fr/annales-n27-2024/,sommaire_ou_article,L’intitulé de l’étude est vérifié ; son texte intégral et chaque assertion de la notice n’ont pas été audités de façon indépendante.
fecamp-76259-046,Deux tombes ducales sous le regard des archéologues,https://www.fecamp-terre-neuve.fr/annales-n27-2024/,sommaire_ou_article,L’intitulé de l’étude est vérifié ; son texte intégral et chaque assertion de la notice n’ont pas été audités de façon indépendante.
fecamp-76259-047,Le sarcophage « des ducs » est-il bien celui qu'on croit ?,https://www.fecamp-terre-neuve.fr/index-matieres/,index_bibliographique,L’intitulé de l’étude est vérifié ; son texte intégral et chaque assertion de la notice n’ont pas été audités de façon indépendante.
fecamp-76259-048,Le Grand Cerf de l'abbaye : un mystère sculpté,https://www.fecamp-terre-neuve.fr/index-matieres/,index_bibliographique,L’intitulé de l’étude est vérifié ; son texte intégral et chaque assertion de la notice n’ont pas été audités de façon indépendante.
fecamp-76259-049,Une fontaine du Précieux-Sang à Fécamp,https://www.fecamp-terre-neuve.fr/index-matieres/,index_bibliographique,L’intitulé de l’étude est vérifié ; son texte intégral et chaque assertion de la notice n’ont pas été audités de façon indépendante.
fecamp-76259-050,"L'angelot cracheur, un décor que l'on oublie",https://www.fecamp-terre-neuve.fr/index-matieres/,index_bibliographique,L’intitulé de l’étude est vérifié ; son texte intégral et chaque assertion de la notice n’ont pas été audités de façon indépendante.
fecamp-76259-051,Les jardins de l'abbaye ont aussi une histoire,https://www.fecamp-terre-neuve.fr/index-matieres/,index_bibliographique,L’intitulé de l’étude est vérifié ; son texte intégral et chaque assertion de la notice n’ont pas été audités de façon indépendante.
fecamp-76259-052,"Le chartrier de l'abbaye, mémoire de ses droits",https://www.fecamp-terre-neuve.fr/index-matieres/,index_bibliographique,L’intitulé de l’étude est vérifié ; son texte intégral et chaque assertion de la notice n’ont pas été audités de façon indépendante.
fecamp-76259-053,Quand les moines étaient « seigneurs de la mer »,https://www.fecamp-terre-neuve.fr/index-matieres/,index_bibliographique,L’intitulé de l’étude est vérifié ; son texte intégral et chaque assertion de la notice n’ont pas été audités de façon indépendante.
fecamp-76259-054,Les jongleurs avaient leur place à l'abbaye,https://www.fecamp-terre-neuve.fr/index-matieres/,index_bibliographique,L’intitulé de l’étude est vérifié ; son texte intégral et chaque assertion de la notice n’ont pas été audités de façon indépendante.
fecamp-76259-055,Des confréries entretenaient l'entraide religieuse,https://www.fecamp-terre-neuve.fr/index-matieres/,index_bibliographique,L’intitulé de l’étude est vérifié ; son texte intégral et chaque assertion de la notice n’ont pas été audités de façon indépendante.
fecamp-76259-056,L'ancienne fontaine Gohier et ses tuyaux énigmatiques,https://www.fecamp-terre-neuve.fr/index-matieres/,index_bibliographique,L’intitulé de l’étude est vérifié ; son texte intégral et chaque assertion de la notice n’ont pas été audités de façon indépendante.
fecamp-76259-057,Le canal de la Voûte n'est pas un simple nom de rue,https://www.fecamp-terre-neuve.fr/index-matieres/,index_bibliographique,L’intitulé de l’étude est vérifié ; son texte intégral et chaque assertion de la notice n’ont pas été audités de façon indépendante.
fecamp-76259-058,Un moulin médiéval sur le canal de la Voûte,https://www.fecamp-terre-neuve.fr/annales-n26-2023/,sommaire_ou_article,L’intitulé de l’étude est vérifié ; son texte intégral et chaque assertion de la notice n’ont pas été audités de façon indépendante.
fecamp-76259-059,"En 1842, les inondations frappent Fécamp",https://www.fecamp-terre-neuve.fr/index-matieres/,index_bibliographique,L’intitulé de l’étude est vérifié ; son texte intégral et chaque assertion de la notice n’ont pas été audités de façon indépendante.
fecamp-76259-060,"Les sources de Grainval, une visite dans le passé de l'eau",https://www.fecamp-terre-neuve.fr/index-matieres/,index_bibliographique,L’intitulé de l’étude est vérifié ; son texte intégral et chaque assertion de la notice n’ont pas été audités de façon indépendante.
fecamp-76259-061,"En 1851, qui vivait vraiment sur le Grand Quai ?",https://www.fecamp-terre-neuve.fr/index-matieres/,index_bibliographique,L’intitulé de l’étude est vérifié ; son texte intégral et chaque assertion de la notice n’ont pas été audités de façon indépendante.
fecamp-76259-062,Les octrois : payer pour entrer des marchandises,https://www.fecamp-terre-neuve.fr/index-matieres/,index_bibliographique,L’intitulé de l’étude est vérifié ; son texte intégral et chaque assertion de la notice n’ont pas été audités de façon indépendante.
fecamp-76259-063,"Le temple protestant, une autre histoire religieuse",https://www.fecamp-terre-neuve.fr/index-matieres/,index_bibliographique,L’intitulé de l’étude est vérifié ; son texte intégral et chaque assertion de la notice n’ont pas été audités de façon indépendante.
fecamp-76259-064,Les escaliers racontent le relief de Fécamp,https://www.fecamp-terre-neuve.fr/index-matieres/,index_bibliographique,L’intitulé de l’étude est vérifié ; son texte intégral et chaque assertion de la notice n’ont pas été audités de façon indépendante.
fecamp-76259-065,Un autre visage de Fécamp : ses pompiers,https://www.fecamp-terre-neuve.fr/index-matieres/,index_bibliographique,L’intitulé de l’étude est vérifié ; son texte intégral et chaque assertion de la notice n’ont pas été audités de façon indépendante.
fecamp-76259-066,Une pharmacie fécampoise vieille de deux siècles,https://www.fecamp-terre-neuve.fr/index-matieres/,index_bibliographique,L’intitulé de l’étude est vérifié ; son texte intégral et chaque assertion de la notice n’ont pas été audités de façon indépendante.
fecamp-76259-067,Les tailleurs de silex ont bâti le pays de Caux,https://www.fecamp-terre-neuve.fr/index-matieres/,index_bibliographique,L’intitulé de l’étude est vérifié ; son texte intégral et chaque assertion de la notice n’ont pas été audités de façon indépendante.
fecamp-76259-068,La villa mauresque et la mode orientaliste,https://www.fecamp-terre-neuve.fr/index-matieres/,index_bibliographique,L’intitulé de l’étude est vérifié ; son texte intégral et chaque assertion de la notice n’ont pas été audités de façon indépendante.
fecamp-76259-069,L'urbanisme fécampois discutait des alignements,https://www.fecamp-terre-neuve.fr/index-matieres/,index_bibliographique,L’intitulé de l’étude est vérifié ; son texte intégral et chaque assertion de la notice n’ont pas été audités de façon indépendante.
fecamp-76259-070,Les reliefs Art déco du Pavillon de l'Enfance,https://www.fecamp-terre-neuve.fr/index-matieres/,index_bibliographique,L’intitulé de l’étude est vérifié ; son texte intégral et chaque assertion de la notice n’ont pas été audités de façon indépendante.
fecamp-76259-071,La couveuse du docteur Dufour,https://www.fecamp-terre-neuve.fr/index-matieres/,index_bibliographique,L’intitulé de l’étude est vérifié ; son texte intégral et chaque assertion de la notice n’ont pas été audités de façon indépendante.
fecamp-76259-072,Le Grand Quai possédait une morgue dessinée par Camille Albert,https://www.fecamp-terre-neuve.fr/index-matieres/,index_bibliographique,L’intitulé de l’étude est vérifié ; son texte intégral et chaque assertion de la notice n’ont pas été audités de façon indépendante.
fecamp-76259-073,Le casino de Fécamp a disparu au milieu de la guerre,https://www.fecamp-terre-neuve.fr/index-matieres/,index_bibliographique,L’intitulé de l’étude est vérifié ; son texte intégral et chaque assertion de la notice n’ont pas été audités de façon indépendante.
fecamp-76259-074,Un prince de la finance façonna des rues : Justin de Nesmond,https://www.fecamp-terre-neuve.fr/index-matieres/,index_bibliographique,L’intitulé de l’étude est vérifié ; son texte intégral et chaque assertion de la notice n’ont pas été audités de façon indépendante.
fecamp-76259-075,"Les chantiers Chantelot, une aventure industrielle",https://www.fecamp-terre-neuve.fr/index-matieres/,index_bibliographique,L’intitulé de l’étude est vérifié ; son texte intégral et chaque assertion de la notice n’ont pas été audités de façon indépendante.
fecamp-76259-076,"Le scieur de long, ouvrier des bateaux disparus",https://www.fecamp-terre-neuve.fr/index-matieres/,index_bibliographique,L’intitulé de l’étude est vérifié ; son texte intégral et chaque assertion de la notice n’ont pas été audités de façon indépendante.
fecamp-76259-077,L'habit des charpentiers de navire,https://www.fecamp-terre-neuve.fr/index-matieres/,index_bibliographique,L’intitulé de l’étude est vérifié ; son texte intégral et chaque assertion de la notice n’ont pas été audités de façon indépendante.
fecamp-76259-078,"Léonce Bennay, ouvrier d'exception",https://www.fecamp-terre-neuve.fr/index-matieres/,index_bibliographique,L’intitulé de l’étude est vérifié ; son texte intégral et chaque assertion de la notice n’ont pas été audités de façon indépendante.
fecamp-76259-079,Le ponton Jean-Agathe servait à coucher les bateaux,https://www.fecamp-terre-neuve.fr/index-matieres/,index_bibliographique,L’intitulé de l’étude est vérifié ; son texte intégral et chaque assertion de la notice n’ont pas été audités de façon indépendante.
fecamp-76259-080,"Avant la morue, la ville fumait le hareng",https://www.fecamp-terre-neuve.fr/index-matieres/,index_bibliographique,L’intitulé de l’étude est vérifié ; son texte intégral et chaque assertion de la notice n’ont pas été audités de façon indépendante.
fecamp-76259-081,D'où vient le mot « boucane » ?,https://www.fecamp-terre-neuve.fr/index-matieres/,index_bibliographique,L’intitulé de l’étude est vérifié ; son texte intégral et chaque assertion de la notice n’ont pas été audités de façon indépendante.
fecamp-76259-082,"Les sécheries de morue, une industrie à ciel ouvert",https://www.fecamp-terre-neuve.fr/index-matieres/,index_bibliographique,L’intitulé de l’étude est vérifié ; son texte intégral et chaque assertion de la notice n’ont pas été audités de façon indépendante.
fecamp-76259-083,Le fumage du hareng : une invention hollandaise ?,https://www.fecamp-terre-neuve.fr/index-matieres/,index_bibliographique,L’intitulé de l’étude est vérifié ; son texte intégral et chaque assertion de la notice n’ont pas été audités de façon indépendante.
fecamp-76259-084,Quand Fécamp exportait sa morue sous le nom Codexnor,https://www.fecamp-terre-neuve.fr/index-matieres/,index_bibliographique,L’intitulé de l’étude est vérifié ; son texte intégral et chaque assertion de la notice n’ont pas été audités de façon indépendante.
fecamp-76259-085,"Le couple Le Duey, négociants à deux voix",https://www.fecamp-terre-neuve.fr/index-matieres/,index_bibliographique,L’intitulé de l’étude est vérifié ; son texte intégral et chaque assertion de la notice n’ont pas été audités de façon indépendante.
fecamp-76259-086,"Ursin Merrienne, du tonneau au navire",https://www.fecamp-terre-neuve.fr/index-matieres/,index_bibliographique,L’intitulé de l’étude est vérifié ; son texte intégral et chaque assertion de la notice n’ont pas été audités de façon indépendante.
fecamp-76259-087,"Charles Balier, de Fécamp au cap Horn",https://www.fecamp-terre-neuve.fr/index-matieres/,index_bibliographique,L’intitulé de l’étude est vérifié ; son texte intégral et chaque assertion de la notice n’ont pas été audités de façon indépendante.
fecamp-76259-088,François Corbière : capitaine puis armateur,https://www.fecamp-terre-neuve.fr/index-matieres/,index_bibliographique,L’intitulé de l’étude est vérifié ; son texte intégral et chaque assertion de la notice n’ont pas été audités de façon indépendante.
fecamp-76259-089,"Louis Noblet, grand patron de la pêche fécampoise",https://www.fecamp-terre-neuve.fr/index-matieres/,index_bibliographique,L’intitulé de l’étude est vérifié ; son texte intégral et chaque assertion de la notice n’ont pas été audités de façon indépendante.
fecamp-76259-090,"Pierre Hermel, entre la mer et l'Église",https://www.fecamp-terre-neuve.fr/index-matieres/,index_bibliographique,L’intitulé de l’étude est vérifié ; son texte intégral et chaque assertion de la notice n’ont pas été audités de façon indépendante.
fecamp-76259-091,"Gaston Vandaele, médecin et armateur",https://www.fecamp-terre-neuve.fr/annales-n27-2024/,sommaire_ou_article,L’intitulé de l’étude est vérifié ; son texte intégral et chaque assertion de la notice n’ont pas été audités de façon indépendante.
fecamp-76259-092,L'aviateur André Taurin était aussi armateur,https://www.fecamp-terre-neuve.fr/index-matieres/,index_bibliographique,L’intitulé de l’étude est vérifié ; son texte intégral et chaque assertion de la notice n’ont pas été audités de façon indépendante.
fecamp-76259-093,Un Fécampois nommé Giovanni Verrazzano dans les archives,https://www.fecamp-terre-neuve.fr/index-matieres/,index_bibliographique,L’intitulé de l’étude est vérifié ; son texte intégral et chaque assertion de la notice n’ont pas été audités de façon indépendante.
fecamp-76259-094,"Les frères Gilles, baleiniers de Fécamp",https://www.fecamp-terre-neuve.fr/index-matieres/,index_bibliographique,L’intitulé de l’étude est vérifié ; son texte intégral et chaque assertion de la notice n’ont pas été audités de façon indépendante.
fecamp-76259-095,"Henry Vanneste, une vie entière de Terre-Neuvas",https://www.fecamp-terre-neuve.fr/index-matieres/,index_bibliographique,L’intitulé de l’étude est vérifié ; son texte intégral et chaque assertion de la notice n’ont pas été audités de façon indépendante.
fecamp-76259-096,"Pierre-Charles Le Mettay, peintre du roi né à Fécamp",https://www.fecamp-terre-neuve.fr/index-matieres/,index_bibliographique,L’intitulé de l’étude est vérifié ; son texte intégral et chaque assertion de la notice n’ont pas été audités de façon indépendante.
fecamp-76259-097,"Jules Brateau, maître ciseleur de Fécamp",https://www.fecamp-terre-neuve.fr/index-matieres/,index_bibliographique,L’intitulé de l’étude est vérifié ; son texte intégral et chaque assertion de la notice n’ont pas été audités de façon indépendante.
fecamp-76259-098,"Madeleine Fessard, artiste discrète",https://www.fecamp-terre-neuve.fr/index-matieres/,index_bibliographique,L’intitulé de l’étude est vérifié ; son texte intégral et chaque assertion de la notice n’ont pas été audités de façon indépendante.
fecamp-76259-099,"André Chardine, poète fécampois",https://www.fecamp-terre-neuve.fr/index-matieres/,index_bibliographique,L’intitulé de l’étude est vérifié ; son texte intégral et chaque assertion de la notice n’ont pas été audités de façon indépendante.
fecamp-76259-100,Des vitraux volés : l'affaire Marguerite Huré,https://www.fecamp-terre-neuve.fr/index-matieres/,index_bibliographique,L’intitulé de l’étude est vérifié ; son texte intégral et chaque assertion de la notice n’ont pas été audités de façon indépendante.
fecamp-76259-101,8 mai 1944 : les bombes sur la rue Théagène-Boufart,https://www.fecamp-terre-neuve.fr/annales-n26-2023/,sommaire_ou_article,L’intitulé de l’étude est vérifié ; son texte intégral et chaque assertion de la notice n’ont pas été audités de façon indépendante.
fecamp-76259-102,1941 : la guerre racontée par un enfant de huit ans,https://www.fecamp-terre-neuve.fr/annales-n26-2023/,sommaire_ou_article,L’intitulé de l’étude est vérifié ; son texte intégral et chaque assertion de la notice n’ont pas été audités de façon indépendante.
fecamp-76259-103,Le premier modèle hydraulique du port,https://www.fecamp-terre-neuve.fr/annales-n28-2025/,sommaire_ou_article,L’intitulé de l’étude est vérifié ; son texte intégral et chaque assertion de la notice n’ont pas été audités de façon indépendante.
fecamp-76259-104,"En 1763, Fécamp obtient accès au commerce américain",https://www.fecamp-terre-neuve.fr/annales-n28-2025/,sommaire_ou_article,L’intitulé de l’étude est vérifié ; son texte intégral et chaque assertion de la notice n’ont pas été audités de façon indépendante.
fecamp-76259-105,Les armements corsaires à Fécamp,https://www.fecamp-terre-neuve.fr/annales-n28-2025/,sommaire_ou_article,L’intitulé de l’étude est vérifié ; son texte intégral et chaque assertion de la notice n’ont pas été audités de façon indépendante.
fecamp-76259-106,Le trois-mâts L'Ange a fini à Paris,https://www.fecamp-terre-neuve.fr/annales-n28-2025/,sommaire_ou_article,L’intitulé de l’étude est vérifié ; son texte intégral et chaque assertion de la notice n’ont pas été audités de façon indépendante.
fecamp-76259-107,La modernisation de la morue inquiétait en 1932,https://www.fecamp-terre-neuve.fr/annales-n28-2025/,sommaire_ou_article,L’intitulé de l’étude est vérifié ; son texte intégral et chaque assertion de la notice n’ont pas été audités de façon indépendante.
fecamp-76259-108,Un atelier de couture derrière la ville maritime,https://www.fecamp-terre-neuve.fr/index-matieres/,index_bibliographique,L’intitulé de l’étude est vérifié ; son texte intégral et chaque assertion de la notice n’ont pas été audités de façon indépendante.
fecamp-76259-109,Vendeurs d'oublies et marchands de glace dans les rues,https://www.fecamp-terre-neuve.fr/index-matieres/,index_bibliographique,L’intitulé de l’étude est vérifié ; son texte intégral et chaque assertion de la notice n’ont pas été audités de façon indépendante.
fecamp-76259-110,"Clotilde Deflandre, une pionnière méconnue",https://www.fecamp-terre-neuve.fr/annales-n26-2023/,sommaire_ou_article,L’intitulé de l’étude est vérifié ; son texte intégral et chaque assertion de la notice n’ont pas été audités de façon indépendante.
fecamp-76259-111,Le trois-mâts César immortalisé deux fois,https://www.fecamp-terre-neuve.fr/annales-n26-2023/,sommaire_ou_article,L’intitulé de l’étude est vérifié ; son texte intégral et chaque assertion de la notice n’ont pas été audités de façon indépendante.
